SalespersonKey,EmployeeID,EmployeeName,Region
1,E001,Salesperson 1,North
2,E002,Salesperson 2,South
3,E003,Salesperson 3,West
4,E004,Salesperson 4,East
5,E005,Salesperson 5,Central
6,E006,Salesperson 6,North
7,E007,Salesperson 7,South
8,E008,Salesperson 8,West
9,E009,Salesperson 9,East
10,E010,Salesperson 10,Central
11,E011,Salesperson 11,North
12,E012,Salesperson 12,South
13,E013,Salesperson 13,West
14,E014,Salesperson 14,East
15,E015,Salesperson 15,Central
16,E016,Salesperson 16,North
17,E017,Salesperson 17,South
18,E018,Salesperson 18,West
19,E019,Salesperson 19,East
20,E020,Salesperson 20,Central
21,E021,Salesperson 21,North
22,E022,Salesperson 22,South
23,E023,Salesperson 23,West
24,E024,Salesperson 24,East
25,E025,Salesperson 25,Central
26,E026,Salesperson 26,North
27,E027,Salesperson 27,South
28,E028,Salesperson 28,West
29,E029,Salesperson 29,East
30,E030,Salesperson 30,Central
31,E031,Salesperson 31,North
32,E032,Salesperson 32,South
33,E033,Salesperson 33,West
34,E034,Salesperson 34,East
35,E035,Salesperson 35,Central
36,E036,Salesperson 36,North
37,E037,Salesperson 37,South
38,E038,Salesperson 38,West
39,E039,Salesperson 39,East
40,E040,Salesperson 40,Central
41,E041,Salesperson 41,North
42,E042,Salesperson 42,South
43,E043,Salesperson 43,West
44,E044,Salesperson 44,East
45,E045,Salesperson 45,Central
46,E046,Salesperson 46,North
47,E047,Salesperson 47,South
48,E048,Salesperson 48,West
49,E049,Salesperson 49,East
50,E050,Salesperson 50,Central
51,E051,Salesperson 51,North
52,E052,Salesperson 52,South
53,E053,Salesperson 53,West
54,E054,Salesperson 54,East
55,E055,Salesperson 55,Central
56,E056,Salesperson 56,North
57,E057,Salesperson 57,South
58,E058,Salesperson 58,West
59,E059,Salesperson 59,East
60,E060,Salesperson 60,Central
61,E061,Salesperson 61,North
62,E062,Salesperson 62,South
63,E063,Salesperson 63,West
64,E064,Salesperson 64,East
65,E065,Salesperson 65,Central
66,E066,Salesperson 66,North
67,E067,Salesperson 67,South
68,E068,Salesperson 68,West
69,E069,Salesperson 69,East
70,E070,Salesperson 70,Central
71,E071,Salesperson 71,North
72,E072,Salesperson 72,South
73,E073,Salesperson 73,West
74,E074,Salesperson 74,East
75,E075,Salesperson 75,Central
76,E076,Salesperson 76,North
77,E077,Salesperson 77,South
78,E078,Salesperson 78,West
79,E079,Salesperson 79,East
80,E080,Salesperson 80,Central
81,E081,Salesperson 81,North
82,E082,Salesperson 82,South
83,E083,Salesperson 83,West
84,E084,Salesperson 84,East
85,E085,Salesperson 85,Central
86,E086,Salesperson 86,North
87,E087,Salesperson 87,South
88,E088,Salesperson 88,West
89,E089,Salesperson 89,East
90,E090,Salesperson 90,Central
91,E091,Salesperson 91,North
92,E092,Salesperson 92,South
93,E093,Salesperson 93,West
94,E094,Salesperson 94,East
95,E095,Salesperson 95,Central
96,E096,Salesperson 96,North
97,E097,Salesperson 97,South
98,E098,Salesperson 98,West
99,E099,Salesperson 99,East
100,E100,Salesperson 100,Central
